Overall rank,Country ,Region,Score,GDP per capita,Social support,Healthy life expectancy,Freedom to make life choices,Generosity,Perceptions of corruption,Year
1,Finland,Western Europe,7.842,1.446,1.106,0.741,0.691,0.124,0.481,2021
2,Denmark,Western Europe,7.62,1.502,1.108,0.763,0.686,0.208,0.485,2021
3,Switzerland,Western Europe,7.571,1.566,1.079,0.816,0.653,0.204,0.413,2021
4,Iceland,Western Europe,7.554,1.482,1.172,0.772,0.698,0.293,0.17,2021
5,Netherlands,Western Europe,7.464,1.501,1.079,0.753,0.647,0.302,0.384,2021
6,Norway,Western Europe,7.392,1.543,1.108,0.782,0.703,0.249,0.427,2021
7,Sweden,Western Europe,7.363,1.478,1.062,0.763,0.685,0.244,0.448,2021
8,Luxembourg,Western Europe,7.324,1.751,1.003,0.76,0.639,0.166,0.353,2021
9,New Zealand,North America and ANZ,7.277,1.4,1.094,0.785,0.665,0.276,0.445,2021
10,Austria,Western Europe,7.268,1.492,1.062,0.782,0.64,0.215,0.292,2021
11,Australia,North America and ANZ,7.183,1.453,1.076,0.801,0.647,0.291,0.317,2021
12,Israel,Middle East and North Africa,7.157,1.376,1.074,0.788,0.509,0.208,0.119,2021
13,Germany,Western Europe,7.155,1.48,0.993,0.757,0.6,0.195,0.306,2021
14,Canada,North America and ANZ,7.103,1.447,1.044,0.798,0.648,0.246,0.335,2021
15,Ireland,Western Europe,7.085,1.644,1.092,0.753,0.606,0.238,0.367,2021
16,Costa Rica,Latin America and Caribbean,7.069,1.134,0.966,0.722,0.673,0.105,0.083,2021
17,United Kingdom,Western Europe,7.064,1.423,1.062,0.757,0.58,0.34,0.306,2021
18,Czech Republic,Central and Eastern Europe,6.965,1.37,1.09,0.703,0.58,0.052,0.046,2021
19,United States,North America and ANZ,6.951,1.533,1.03,0.621,0.554,0.252,0.154,2021
20,Belgium,Western Europe,6.834,1.463,0.998,0.747,0.489,0.088,0.187,2021
21,France,Western Europe,6.69,1.421,1.081,0.804,0.536,0.092,0.235,2021
22,Bahrain,Middle East and North Africa,6.647,1.409,0.899,0.662,0.661,0.246,0.139,2021
23,Malta,Western Europe,6.602,1.411,1.055,0.747,0.664,0.275,0.183,2021
24,Taiwan Province of China,East Asia,6.584,1.48,0.982,0.665,0.49,0.142,0.139,2021
25,United Arab Emirates,Middle East and North Africa,6.561,1.555,0.86,0.594,0.67,0.236,0.223,2021
26,Saudi Arabia,Middle East and North Africa,6.494,1.435,0.964,0.571,0.603,0.09,0.163,2021
27,Spain,Western Europe,6.491,1.375,1.057,0.826,0.462,0.135,0.124,2021
28,Italy,Western Europe,6.483,1.393,0.94,0.798,0.379,0.133,0.047,2021
29,Slovenia,Central and Eastern Europe,6.461,1.36,1.093,0.722,0.69,0.122,0.085,2021
30,Guatemala,Latin America and Caribbean,6.435,0.845,0.79,0.519,0.638,0.163,0.105,2021
31,Uruguay,Latin America and Caribbean,6.431,1.164,1.042,0.649,0.625,0.128,0.223,2021
32,Singapore,Southeast Asia,6.377,1.695,1.019,0.897,0.664,0.176,0.547,2021
33,Kosovo,Central and Eastern Europe,6.372,0.937,0.807,0.483,0.593,0.356,0.014,2021
34,Slovakia,Central and Eastern Europe,6.331,1.304,1.066,0.653,0.468,0.107,0.018,2021
35,Brazil,Latin America and Caribbean,6.33,1.028,0.944,0.571,0.514,0.142,0.117,2021
36,Mexico,Latin America and Caribbean,6.317,1.126,0.83,0.634,0.585,0.092,0.089,2021
37,Jamaica,Latin America and Caribbean,6.309,0.891,0.932,0.599,0.618,0.099,0.035,2021
38,Lithuania,Central and Eastern Europe,6.255,1.35,1.065,0.612,0.476,0.056,0.073,2021
39,Cyprus,Western Europe,6.223,1.377,0.765,0.801,0.464,0.178,0.061,2021
40,Estonia,Central and Eastern Europe,6.189,1.344,1.079,0.64,0.641,0.119,0.263,2021
41,Panama,Latin America and Caribbean,6.18,1.298,0.976,0.667,0.596,0.079,0.053,2021
42,Uzbekistan,Commonwealth of Independent States,6.179,0.769,1.027,0.528,0.716,0.391,0.271,2021
43,Chile,Latin America and Caribbean,6.172,1.2,0.946,0.678,0.438,0.159,0.07,2021
44,Poland,Central and Eastern Europe,6.166,1.309,0.982,0.668,0.558,0.08,0.13,2021
45,Kazakhstan,Commonwealth of Independent States,6.152,1.23,1.103,0.527,0.573,0.143,0.132,2021
46,Romania,Central and Eastern Europe,6.14,1.275,0.832,0.595,0.564,0.045,0.001,2021
47,Kuwait,Middle East and North Africa,6.106,1.461,0.857,0.58,0.591,0.12,0.13,2021
48,Serbia,Central and Eastern Europe,6.078,1.101,0.924,0.634,0.482,0.189,0.066,2021
49,El Salvador,Latin America and Caribbean,6.061,0.845,0.675,0.565,0.615,0.116,0.16,2021
50,Mauritius,Sub-Saharan Africa,6.049,1.178,0.996,0.574,0.59,0.153,0.096,2021
51,Latvia,Central and Eastern Europe,6.032,1.285,1.047,0.587,0.405,0.082,0.089,2021
52,Colombia,Latin America and Caribbean,6.012,1.021,0.866,0.615,0.554,0.1,0.063,2021
53,Hungary,Central and Eastern Europe,5.992,1.301,1.083,0.615,0.454,0.067,0.04,2021
54,Thailand,Southeast Asia,5.985,1.107,0.957,0.596,0.611,0.375,0.028,2021
55,Nicaragua,Latin America and Caribbean,5.972,0.693,0.904,0.604,0.553,0.201,0.176,2021
56,Japan,East Asia,5.94,1.389,0.949,0.838,0.504,0.02,0.192,2021
57,Argentina,Latin America and Caribbean,5.929,1.162,0.98,0.646,0.544,0.069,0.067,2021
58,Portugal,Western Europe,5.929,1.323,0.939,0.76,0.621,0.029,0.033,2021
59,Honduras,Latin America and Caribbean,5.919,0.703,0.787,0.593,0.578,0.241,0.083,2021
60,Croatia,Central and Eastern Europe,5.882,1.251,1.039,0.703,0.453,0.111,0,2021
61,Philippines,Southeast Asia,5.88,0.853,0.828,0.426,0.651,0.125,0.126,2021
62,South Korea,East Asia,5.845,1.403,0.758,0.801,0.353,0.134,0.135,2021
63,Peru,Latin America and Caribbean,5.84,0.986,0.833,0.623,0.536,0.087,0.031,2021
64,Bosnia and Herzegovina,Central and Eastern Europe,5.813,1.032,0.919,0.618,0.395,0.261,0.005,2021
65,Moldova,Commonwealth of Independent States,5.766,0.985,0.888,0.542,0.536,0.137,0.013,2021
66,Ecuador,Latin America and Caribbean,5.764,0.935,0.806,0.64,0.56,0.107,0.062,2021
67,Kyrgyzstan,Commonwealth of Independent States,5.744,0.665,0.971,0.501,0.673,0.266,0.02,2021
68,Greece,Western Europe,5.723,1.273,0.811,0.76,0.243,0,0.074,2021
69,Bolivia,Latin America and Caribbean,5.716,0.842,0.782,0.486,0.6,0.138,0.064,2021
70,Mongolia,East Asia,5.677,0.966,1.065,0.442,0.397,0.263,0.053,2021
71,Paraguay,Latin America and Caribbean,5.653,0.983,0.97,0.549,0.602,0.206,0.037,2021
72,Montenegro,Central and Eastern Europe,5.581,1.155,0.891,0.637,0.397,0.166,0.081,2021
73,Dominican Republic,Latin America and Caribbean,5.545,1.106,0.879,0.555,0.581,0.101,0.144,2021
74,North Cyprus,Western Europe,5.536,1.377,0.806,0.801,0.503,0.196,0.2,2021
75,Belarus,Commonwealth of Independent States,5.534,1.124,1.007,0.56,0.326,0.07,0.199,2021
76,Russia,Commonwealth of Independent States,5.477,1.241,0.992,0.511,0.409,0.115,0.06,2021
77,Hong Kong S.A.R. of China,East Asia,5.477,1.525,0.841,0.893,0.408,0.232,0.342,2021
78,Tajikistan,Commonwealth of Independent States,5.466,0.508,0.895,0.498,0.548,0.152,0.247,2021
79,Vietnam,Southeast Asia,5.411,0.817,0.873,0.616,0.679,0.124,0.091,2021
80,Libya,Middle East and North Africa,5.41,1.044,0.821,0.435,0.474,0.131,0.174,2021
81,Malaysia,Southeast Asia,5.384,1.259,0.797,0.587,0.624,0.27,0.064,2021
82,Indonesia,Southeast Asia,5.345,0.954,0.786,0.433,0.598,0.541,0.046,2021
83,Congo (Brazzaville),Sub-Saharan Africa,5.342,0.518,0.392,0.307,0.381,0.144,0.124,2021
84,China,East Asia,5.339,1.061,0.785,0.665,0.636,0.093,0.117,2021
85,Ivory Coast,Sub-Saharan Africa,5.306,0.669,0.409,0.052,0.438,0.177,0.092,2021
86,Armenia,Commonwealth of Independent States,5.283,0.996,0.758,0.585,0.54,0.079,0.198,2021
87,Nepal,South Asia,5.269,0.519,0.702,0.496,0.488,0.287,0.135,2021
88,Bulgaria,Central and Eastern Europe,5.266,1.181,1.055,0.583,0.494,0.125,0.005,2021
89,Maldives,South Asia,5.198,1.115,1.015,0.697,0.575,0.204,0.073,2021
90,Azerbaijan,Commonwealth of Independent States,5.171,1.025,0.841,0.541,0.526,0.043,0.276,2021
91,Cameroon,Sub-Saharan Africa,5.142,0.543,0.556,0.159,0.425,0.205,0.058,2021
92,Senegal,Sub-Saharan Africa,5.132,0.518,0.558,0.357,0.381,0.158,0.088,2021
93,Albania,Central and Eastern Europe,5.117,1.008,0.529,0.646,0.491,0.168,0.024,2021
94,North Macedonia,Central and Eastern Europe,5.101,1.068,0.772,0.535,0.45,0.212,0.022,2021
95,Ghana,Sub-Saharan Africa,5.088,0.68,0.595,0.287,0.517,0.268,0.058,2021
96,Niger,Sub-Saharan Africa,5.074,0.162,0.402,0.167,0.516,0.2,0.157,2021
97,Turkmenistan,Commonwealth of Independent States,5.066,1.046,1.172,0.439,0.602,0.366,0.033,2021
98,Gambia,Sub-Saharan Africa,5.051,0.367,0.511,0.21,0.384,0.465,0.123,2021
99,Benin,Sub-Saharan Africa,5.045,0.507,0.058,0.196,0.457,0.166,0.178,2021
100,Laos,Southeast Asia,5.03,0.808,0.598,0.33,0.643,0.268,0.179,2021
101,Bangladesh,South Asia,5.025,0.635,0.52,0.514,0.603,0.161,0.164,2021
102,Guinea,Sub-Saharan Africa,4.984,0.42,0.399,0.206,0.384,0.25,0.111,2021
103,South Africa,Sub-Saharan Africa,4.956,0.967,0.895,0.265,0.447,0.144,0.051,2021
104,Turkey,Middle East and North Africa,4.948,1.26,0.809,0.59,0.236,0.097,0.104,2021
105,Pakistan,South Asia,4.934,0.637,0.423,0.322,0.418,0.252,0.097,2021
106,Morocco,Middle East and North Africa,4.918,0.792,0.219,0.558,0.477,0.034,0.088,2021
107,Venezuela,Latin America and Caribbean,4.892,0.852,0.897,0.574,0.284,0.078,0.072,2021
108,Georgia,Commonwealth of Independent States,4.891,1.03,0.47,0.498,0.488,0.032,0.181,2021
109,Algeria,Middle East and North Africa,4.887,0.946,0.765,0.552,0.119,0.144,0.12,2021
110,Ukraine,Commonwealth of Independent States,4.875,0.979,0.958,0.517,0.417,0.181,0.01,2021
111,Iraq,Middle East and North Africa,4.854,0.91,0.638,0.381,0.302,0.153,0.041,2021
112,Gabon,Sub-Saharan Africa,4.852,1.037,0.707,0.362,0.424,0.058,0.064,2021
113,Burkina Faso,Sub-Saharan Africa,4.834,0.364,0.472,0.179,0.381,0.182,0.122,2021
114,Cambodia,Southeast Asia,4.83,0.603,0.68,0.426,0.702,0.21,0.061,2021
115,Mozambique,Sub-Saharan Africa,4.794,0.183,0.634,0.196,0.608,0.228,0.163,2021
116,Nigeria,Sub-Saharan Africa,4.759,0.663,0.625,0.051,0.433,0.212,0.039,2021
117,Mali,Sub-Saharan Africa,4.723,0.387,0.59,0.11,0.384,0.164,0.072,2021
118,Iran,Middle East and North Africa,4.721,1.03,0.557,0.561,0.275,0.33,0.144,2021
119,Uganda,Sub-Saharan Africa,4.636,0.364,0.718,0.24,0.398,0.267,0.054,2021
120,Liberia,Sub-Saharan Africa,4.625,0.228,0.58,0.253,0.43,0.221,0.057,2021
121,Kenya,Sub-Saharan Africa,4.607,0.603,0.508,0.385,0.483,0.375,0.073,2021
122,Tunisia,Middle East and North Africa,4.596,0.919,0.515,0.59,0.334,0.057,0.044,2021
123,Lebanon,Middle East and North Africa,4.584,1.045,0.868,0.595,0.175,0.14,0.026,2021
124,Namibia,Sub-Saharan Africa,4.574,0.882,0.801,0.262,0.411,0.091,0.059,2021
125,Palestinian Territories,Middle East and North Africa,4.517,0.646,0.819,0.434,0.33,0.082,0.075,2021
126,Myanmar,Southeast Asia,4.426,0.666,0.713,0.341,0.601,0.52,0.178,2021
127,Jordan,Middle East and North Africa,4.395,0.89,0.685,0.583,0.455,0.079,0.15,2021
128,Chad,Sub-Saharan Africa,4.355,0.255,0.353,0,0.24,0.215,0.084,2021
129,Sri Lanka,South Asia,4.325,0.99,0.82,0.593,0.559,0.239,0.049,2021
130,Swaziland,Sub-Saharan Africa,4.308,0.849,0.693,0.074,0.323,0.067,0.147,2021
131,Comoros,Sub-Saharan Africa,4.289,0.488,0.367,0.279,0.202,0.241,0.101,2021
132,Egypt,Middle East and North Africa,4.283,0.954,0.647,0.426,0.446,0.069,0.092,2021
133,Ethiopia,Sub-Saharan Africa,4.275,0.37,0.679,0.331,0.451,0.241,0.114,2021
134,Mauritania,Sub-Saharan Africa,4.227,0.666,0.749,0.273,0.218,0.119,0.133,2021
135,Madagascar,Sub-Saharan Africa,4.208,0.266,0.503,0.341,0.207,0.185,0.087,2021
136,Togo,Sub-Saharan Africa,4.107,0.254,0.239,0.203,0.289,0.209,0.107,2021
137,Zambia,Sub-Saharan Africa,4.073,0.528,0.552,0.231,0.487,0.227,0.074,2021
138,Sierra Leone,Sub-Saharan Africa,3.849,0.279,0.377,0.1,0.408,0.243,0.047,2021
139,India,South Asia,3.819,0.741,0.316,0.383,0.622,0.246,0.106,2021
140,Burundi,Sub-Saharan Africa,3.775,0,0.062,0.155,0.298,0.172,0.212,2021
141,Yemen,Middle East and North Africa,3.658,0.329,0.831,0.272,0.268,0.092,0.089,2021
142,Tanzania,Sub-Saharan Africa,3.623,0.433,0.54,0.3,0.549,0.307,0.231,2021
143,Haiti,Latin America and Caribbean,3.615,0.294,0.173,0.227,0.257,0.463,0.139,2021
144,Malawi,Sub-Saharan Africa,3.6,0.113,0.168,0.298,0.484,0.213,0.134,2021
145,Lesotho,Sub-Saharan Africa,3.512,0.451,0.731,0.007,0.405,0.103,0.015,2021
146,Botswana,Sub-Saharan Africa,3.467,1.099,0.724,0.34,0.539,0.027,0.088,2021
147,Rwanda,Sub-Saharan Africa,3.415,0.364,0.202,0.407,0.627,0.227,0.493,2021
148,Zimbabwe,Sub-Saharan Africa,3.145,0.457,0.649,0.243,0.359,0.157,0.075,2021
149,Afghanistan,South Asia,2.523,0.37,0,0.126,0,0.122,0.01,2021
