Overall rank,Country ,Region,Score,GDP per capita,Social support,Healthy life expectancy,Freedom to make life choices,Generosity,Perceptions of corruption,Year
1,Finland,Western Europe,7.821,1.892,1.258,0.775,0.736,0.109,0.534,2022
2,Denmark,Western Europe,7.636,1.953,1.243,0.777,0.719,0.188,0.532,2022
3,Iceland,Western Europe,7.557,1.936,1.32,0.803,0.718,0.27,0.191,2022
4,Switzerland,Western Europe,7.512,2.026,1.226,0.822,0.677,0.147,0.461,2022
5,Netherlands,Western Europe,7.415,1.945,1.206,0.787,0.651,0.271,0.419,2022
6,Luxembourg*,-,7.404,2.209,1.155,0.79,0.7,0.12,0.388,2022
7,Sweden,Western Europe,7.384,1.92,1.204,0.803,0.724,0.218,0.512,2022
8,Norway,Western Europe,7.365,1.997,1.239,0.786,0.728,0.217,0.474,2022
9,Israel,Middle East and Northern Africa,7.364,1.826,1.221,0.818,0.568,0.155,0.143,2022
10,New Zealand,Australia and New Zealand,7.2,1.852,1.235,0.752,0.68,0.245,0.483,2022
11,Austria,Western Europe,7.163,1.931,1.165,0.774,0.623,0.193,0.329,2022
12,Australia,Australia and New Zealand,7.162,1.9,1.203,0.772,0.676,0.258,0.341,2022
13,Ireland,Western Europe,7.041,2.129,1.166,0.779,0.627,0.19,0.408,2022
14,Germany,Western Europe,7.034,1.924,1.088,0.776,0.585,0.163,0.358,2022
15,Canada,North America,7.025,1.886,1.188,0.783,0.659,0.217,0.368,2022
16,United States,North America,6.977,1.982,1.182,0.628,0.574,0.22,0.177,2022
17,United Kingdom,Western Europe,6.943,1.867,1.143,0.75,0.597,0.289,0.329,2022
18,Czechia,-,6.92,1.815,1.26,0.715,0.66,0.158,0.048,2022
19,Belgium,Western Europe,6.805,1.907,1.106,0.764,0.492,0.049,0.204,2022
20,France,Western Europe,6.687,1.863,1.219,0.808,0.567,0.07,0.266,2022
21,Bahrain,Middle East and Northern Africa,6.647,1.854,1.029,0.625,0.693,0.199,0.155,2022
22,Slovenia,Central and Eastern Europe,6.63,1.81,1.249,0.769,0.685,0.118,0.115,2022
23,Costa Rica,Latin America and Caribbean,6.582,1.584,1.054,0.744,0.661,0.089,0.102,2022
24,United Arab Emirates,Middle East and Northern Africa,6.576,1.998,0.98,0.633,0.702,0.204,0.25,2022
25,Saudi Arabia,Middle East and Northern Africa,6.523,1.87,1.092,0.577,0.651,0.078,0.18,2022
26,Taiwan Province of China,-,6.512,1.897,1.095,0.733,0.542,0.075,0.168,2022
27,Singapore,Southeastern Asia,6.48,2.149,1.127,0.851,0.672,0.163,0.587,2022
28,Romania,Central and Eastern Europe,6.477,1.719,1.006,0.655,0.605,0.039,0.006,2022
29,Spain,Western Europe,6.476,1.808,1.211,0.808,0.505,0.101,0.149,2022
30,Uruguay,Latin America and Caribbean,6.474,1.615,1.18,0.672,0.665,0.103,0.265,2022
31,Italy,Western Europe,6.467,1.834,1.052,0.801,0.412,0.085,0.059,2022
32,Kosovo,Central and Eastern Europe,6.455,1.362,0.949,0.569,0.599,0.309,0.035,2022
33,Malta,Western Europe,6.447,1.838,1.169,0.789,0.679,0.174,0.166,2022
34,Lithuania,Central and Eastern Europe,6.446,1.804,1.204,0.659,0.496,0.053,0.077,2022
35,Slovakia,Central and Eastern Europe,6.391,1.736,1.232,0.707,0.479,0.118,0.025,2022
36,Estonia,Central and Eastern Europe,6.341,1.793,1.232,0.728,0.689,0.123,0.333,2022
37,Panama,Latin America and Caribbean,6.309,1.715,1.107,0.709,0.592,0.049,0.051,2022
38,Brazil,Latin America and Caribbean,6.293,1.462,1.044,0.615,0.546,0.131,0.134,2022
39,Guatemala*,-,6.262,1.274,0.831,0.522,0.662,0.112,0.115,2022
40,Kazakhstan,Central and Eastern Europe,6.234,1.668,1.22,0.611,0.584,0.134,0.157,2022
41,Cyprus,Western Europe,6.221,1.815,0.909,0.819,0.448,0.123,0.062,2022
42,Latvia,Central and Eastern Europe,6.18,1.732,1.221,0.637,0.502,0.075,0.09,2022
43,Serbia,Central and Eastern Europe,6.178,1.55,1.086,0.658,0.546,0.219,0.088,2022
44,Chile,Latin America and Caribbean,6.172,1.651,1.08,0.748,0.46,0.124,0.069,2022
45,Nicaragua,Latin America and Caribbean,6.165,1.105,1.029,0.617,0.617,0.168,0.212,2022
46,Mexico,Latin America and Caribbean,6.128,1.552,0.886,0.623,0.621,0.092,0.115,2022
47,Croatia,Central and Eastern Europe,6.125,1.705,1.183,0.709,0.535,0.109,0,2022
48,Poland,Central and Eastern Europe,6.123,1.758,1.174,0.712,0.523,0.124,0.14,2022
49,El Salvador,Latin America and Caribbean,6.12,1.265,0.768,0.607,0.666,0.089,0.212,2022
50,Kuwait*,-,6.106,1.904,0.983,0.747,0.617,0.087,0.147,2022
51,Hungary,Central and Eastern Europe,6.086,1.748,1.233,0.668,0.485,0.078,0.064,2022
52,Mauritius,Sub-Saharan Africa,6.071,1.591,1.116,0.568,0.589,0.131,0.107,2022
53,Uzbekistan,Central and Eastern Europe,6.063,1.219,1.092,0.6,0.716,0.283,0.24,2022
54,Japan,Eastern Asia,6.039,1.835,1.089,0.866,0.537,0.007,0.218,2022
55,Honduras,Latin America and Caribbean,6.022,1.111,0.885,0.555,0.582,0.202,0.076,2022
56,Portugal,Western Europe,6.016,1.76,1.078,0.777,0.655,0.016,0.039,2022
57,Argentina,Latin America and Caribbean,5.967,1.592,1.102,0.662,0.555,0.081,0.085,2022
58,Greece,Western Europe,5.948,1.703,0.98,0.774,0.249,0.015,0.108,2022
59,South Korea,Eastern Asia,5.935,1.851,0.886,0.841,0.414,0.111,0.176,2022
60,Philippines,Southeastern Asia,5.904,1.268,0.912,0.514,0.678,0.107,0.142,2022
61,Thailand,Southeastern Asia,5.891,1.535,1.096,0.697,0.617,0.321,0.026,2022
62,Moldova,Central and Eastern Europe,5.857,1.417,1.008,0.597,0.561,0.102,0.028,2022
63,Jamaica,Latin America and Caribbean,5.85,1.296,1.045,0.646,0.567,0.08,0.053,2022
64,Kyrgyzstan,Central and Eastern Europe,5.828,1.069,1.109,0.638,0.693,0.208,0.025,2022
65,Belarus*,-,5.821,1.562,1.157,0.629,0.342,0.04,0.282,2022
66,Colombia,Latin America and Caribbean,5.781,1.452,0.929,0.72,0.545,0.087,0.077,2022
67,Bosnia and Herzegovina,Central and Eastern Europe,5.768,1.468,1.068,0.665,0.448,0.244,0.006,2022
68,Mongolia,Eastern Asia,5.761,1.393,1.197,0.467,0.398,0.247,0.059,2022
69,Dominican Republic,Latin America and Caribbean,5.737,1.538,1.003,0.577,0.606,0.084,0.179,2022
70,Malaysia,Southeastern Asia,5.711,1.689,0.938,0.62,0.654,0.213,0.126,2022
71,Bolivia,Latin America and Caribbean,5.6,1.256,0.88,0.555,0.627,0.112,0.064,2022
72,China,Eastern Asia,5.585,1.508,0.958,0.705,0.656,0.099,0.142,2022
73,Paraguay,Latin America and Caribbean,5.578,1.409,1.13,0.624,0.629,0.171,0.059,2022
74,Peru,Latin America and Caribbean,5.559,1.397,0.865,0.735,0.545,0.09,0.037,2022
75,Montenegro,Central and Eastern Europe,5.547,1.573,1.023,0.659,0.46,0.135,0.077,2022
76,Ecuador,Latin America and Caribbean,5.533,1.352,0.879,0.708,0.565,0.08,0.083,2022
77,Vietnam,Southeastern Asia,5.485,1.252,0.932,0.611,0.707,0.143,0.105,2022
78,Turkmenistan*,-,5.474,1.484,1.319,0.516,0.649,0.314,0.032,2022
79,North Cyprus*,-,5.467,1.815,0.888,0.819,0.523,0.13,0.213,2022
80,Russia,Central and Eastern Europe,5.459,1.685,1.095,0.586,0.401,0.117,0.08,2022
81,Hong Kong S.A.R. of China,-,5.425,1.957,0.954,0.942,0.4,0.147,0.383,2022
82,Armenia,Central and Eastern Europe,5.399,1.434,0.82,0.668,0.558,0.054,0.21,2022
83,Tajikistan,Central and Eastern Europe,5.377,0.966,1.005,0.518,0.572,0.118,0.304,2022
84,Nepal,Southern Asia,5.377,0.984,0.784,0.499,0.519,0.237,0.13,2022
85,Bulgaria,Central and Eastern Europe,5.371,1.625,1.163,0.64,0.563,0.123,0.021,2022
86,Libya*,-,5.33,1.476,0.943,0.606,0.477,0.106,0.179,2022
87,Indonesia,Southeastern Asia,5.24,1.382,0.883,0.539,0.62,0.468,0.047,2022
88,Ivory Coast,Sub-Saharan Africa,5.235,1.094,0.442,0.322,0.451,0.149,0.124,2022
89,North Macedonia,-,5.199,1.505,0.863,0.637,0.488,0.215,0.031,2022
90,Albania,Central and Eastern Europe,5.199,1.439,0.646,0.719,0.511,0.138,0.028,2022
91,South Africa,Sub-Saharan Africa,5.194,1.425,1.088,0.361,0.442,0.089,0.046,2022
92,Azerbaijan*,-,5.173,1.458,1.093,0.56,0.601,0.023,0.341,2022
93,Gambia*,-,5.164,0.785,0.621,0.369,0.367,0.388,0.103,2022
94,Bangladesh,Southern Asia,5.155,1.06,0.614,0.581,0.622,0.125,0.187,2022
95,Laos,Southeastern Asia,5.14,1.239,0.654,0.479,0.679,0.197,0.184,2022
96,Algeria,Middle East and Northern Africa,5.122,1.363,0.97,0.643,0.146,0.106,0.15,2022
97,Liberia*,-,5.122,0.636,0.67,0.309,0.405,0.178,0.08,2022
98,Ukraine,Central and Eastern Europe,5.084,1.411,1.081,0.583,0.473,0.188,0.017,2022
99,Congo,-,5.075,0.95,0.405,0.355,0.431,0.13,0.146,2022
100,Morocco,Middle East and Northern Africa,5.06,1.208,0.268,0.565,0.492,0.02,0.102,2022
101,Mozambique,Sub-Saharan Africa,5.048,0.578,0.66,0.191,0.593,0.185,0.2,2022
102,Cameroon,Sub-Saharan Africa,5.048,0.968,0.672,0.317,0.397,0.152,0.074,2022
103,Senegal,Sub-Saharan Africa,5.046,0.933,0.53,0.447,0.494,0.143,0.081,2022
104,Niger*,-,5.003,0.57,0.56,0.326,0.571,0.165,0.145,2022
105,Georgia,Central and Eastern Europe,4.973,1.467,0.612,0.595,0.508,0,0.208,2022
106,Gabon,Sub-Saharan Africa,4.958,1.459,0.738,0.396,0.343,0.032,0.099,2022
107,Iraq,Middle East and Northern Africa,4.941,1.289,0.682,0.554,0.328,0.147,0.046,2022
108,Venezuela,Latin America and Caribbean,4.925,0,0.968,0.578,0.283,0.225,0.082,2022
109,Guinea,Sub-Saharan Africa,4.891,0.848,0.566,0.275,0.334,0.214,0.116,2022
110,Iran,Middle East and Northern Africa,4.888,1.41,0.741,0.642,0.281,0.241,0.146,2022
111,Ghana,Sub-Saharan Africa,4.872,1.112,0.595,0.409,0.5,0.23,0.056,2022
112,Turkey,Middle East and Northern Africa,4.744,1.707,0.865,0.702,0.209,0.087,0.115,2022
113,Burkina Faso,Sub-Saharan Africa,4.67,0.779,0.565,0.32,0.382,0.186,0.126,2022
114,Cambodia,Southeastern Asia,4.64,1.019,0.732,0.505,0.74,0.166,0.068,2022
115,Benin,Sub-Saharan Africa,4.623,0.932,0.064,0.335,0.479,0.127,0.23,2022
116,Comoros*,-,4.609,0.899,0.476,0.424,0.185,0.195,0.125,2022
117,Uganda,Sub-Saharan Africa,4.603,0.777,0.875,0.418,0.402,0.222,0.066,2022
118,Nigeria,Sub-Saharan Africa,4.552,1.079,0.732,0.3,0.444,0.175,0.038,2022
119,Kenya,Sub-Saharan Africa,4.543,1.032,0.605,0.401,0.44,0.322,0.082,2022
120,Tunisia,Middle East and Northern Africa,4.516,1.35,0.596,0.656,0.316,0.029,0.029,2022
121,Pakistan,Southern Asia,4.516,1.049,0.413,0.374,0.448,0.181,0.112,2022
122,Palestinian Territories*,-,4.483,1.148,0.957,0.521,0.336,0.073,0.079,2022
123,Mali,Sub-Saharan Africa,4.479,0.792,0.483,0.311,0.35,0.128,0.042,2022
124,Namibia,-,4.459,1.292,0.877,0.354,0.384,0.067,0.071,2022
125,"Eswatini, Kingdom of*",-,4.396,1.274,0.786,0.197,0.259,0.038,0.154,2022
126,Myanmar,Southeastern Asia,4.394,1.038,0.829,0.491,0.513,0.452,0.194,2022
127,Sri Lanka,Southern Asia,4.362,1.415,0.934,0.66,0.529,0.15,0.079,2022
128,Madagascar*,-,4.339,0.67,0.645,0.378,0.202,0.143,0.154,2022
129,Egypt,Middle East and Northern Africa,4.288,1.388,0.732,0.548,0.469,0.041,0.254,2022
130,Chad*,-,4.251,0.662,0.506,0.225,0.18,0.182,0.077,2022
131,Ethiopia,Sub-Saharan Africa,4.241,0.788,0.809,0.457,0.472,0.205,0.136,2022
132,Yemen*,-,4.197,0.691,1.043,0.384,0.33,0.09,0.098,2022
133,Mauritania*,-,4.153,1.1,0.865,0.45,0.304,0.088,0.138,2022
134,Jordan,Middle East and Northern Africa,4.152,1.324,0.724,0.675,0.476,0.058,0.2,2022
135,Togo,Sub-Saharan Africa,4.112,0.771,0.322,0.36,0.292,0.174,0.132,2022
136,India,Southern Asia,3.777,1.167,0.376,0.471,0.647,0.198,0.123,2022
137,Zambia,Sub-Saharan Africa,3.76,0.93,0.577,0.306,0.525,0.203,0.083,2022
138,Malawi,Sub-Saharan Africa,3.75,0.648,0.279,0.388,0.477,0.14,0.157,2022
139,Tanzania,Sub-Saharan Africa,3.702,0.848,0.597,0.425,0.578,0.248,0.27,2022
140,Sierra Leone,Sub-Saharan Africa,3.574,0.686,0.416,0.273,0.387,0.202,0.055,2022
141,Lesotho*,-,3.512,0.839,0.848,0,0.419,0.076,0.018,2022
142,Botswana*,-,3.471,1.503,0.815,0.28,0.571,0.012,0.102,2022
143,Rwanda*,-,3.268,0.785,0.133,0.462,0.621,0.187,0.544,2022
144,Zimbabwe,Sub-Saharan Africa,2.995,0.947,0.69,0.27,0.329,0.106,0.105,2022
145,Lebanon,Middle East and Northern Africa,2.955,1.392,0.498,0.631,0.103,0.082,0.034,2022
146,Afghanistan,Southern Asia,2.404,0.758,0,0.289,0,0.089,0.005,2022
